,prop,seq,block_k,chimera,y,mu,y_real,mu_real
0,0.408825104,RMLFQTSYTLENNGSVICIPNNGQCFCLAWLKSNGTPGEKIGAQVCQWIAFSIAIALLTFYGFSAWKATC---------GW-EEVYVCCVEVLFVTLEIFKEF--SSPATVYLSTGNHAYCL---RYFEWLLSCPVILIRLSNLSGLKNDYSKRTMGLIVSCVGMIVFGMAAGLA-TDWLK---WLLYIVSCIYGGYMYFQAAKCYVEAY-------HTVPKGR-CRQVVTGMAWLFFVSWGSYPILWAVGPEGLLKLSPYANSIGHSICDIIAKEFWTFLAHHLRIKI-----------HE---HILIHGD-----IRKTTKMEIG-GEEVEVEEFVEEE,c1222221222,ChR_20_10,0.6397870952915782,0.4440584920107783,0.408825104,0.3041646818439905
2,0.712525792,GFDELAKGAVVPEDHFVCGPAD-KCYCSAWLHSRGALWEQETARGFQWFAVFLSALFLAFYGWHAYKASV---------GW-EEVYVCSVELIKVILEIYFEF--TSPATVYLSGGNHAYWL---RYAEWLLTCPVILIHLSNITGLSEAYNKRTMALLVSDLGTICMGVTAALA-TGWVK---WLFYCIGLVYGTQTFYNAGIIYVESY-------YIMPKGR-CRQVVTGMAWLFFVSWGMFPILFILGPEGFGVLSVAGSTIGHTIADLLSKNIWGLLGHYLRVLI-----------HE---HIIMYGD-----IRRPVSSQFL-GRKVDVLAFVTEE,n1000012000,ChR_4_10,1.0074778865535972,1.0894344450086328,0.712525792,0.8064491562616308
6,2.1060516259999997,RMLFQTSYTLENNGSVICIPNNGQCFCLAWLKSNGTNAEKLAANILQWITFALSALCLMFYGYQTWKSTC---------GW-EEIYVATIEMIKFIIEYFHEF--DEPAVIYSSGGNKTVWL---RYAEWLLTCPVILIHLSNLTGLANDYNKRTMALLVSDIGTIVWGTTAALA-TGWVK---WLFYCIGLVYGTQTFYNAGIIYVEAY-------HTVPKGR-CRQVVTGMAWLFFVSWGMFPILFILGPEGFGVLSVYGSTVGHTIIDLMSKNCWGLLGHYLRVLI-----------HE---HILIHGD-----IRKTTKLNIG-GTEIEVETLVEDE,n1111111100,ChR_14_10,1.7247881283586768,1.650146723132624,2.1060516259999993,1.8814492253674804
14,2.560177881,RMLFQTSYTLENNGSVICIPNNGQCFCLAWLKSNGTPGEKIGAQVCQWITFALSALCLMFYGYQTWKSTC---------GW-EEIYVATIEMIKFIIEYFHEF--DEPAVIYSSNGNKTVWL---RYAEWLLTCPVILIHLSNITGLSEAYNKRTMALLVSDLGTICMGVTAALA-TGWVK---WLFYCIGLVYGTQTFYNAGIIYVEAY-------HTVPKGR-CRQVVTGMAWLFFVSWGMFPILFILGPEGFGVLSVAGSTIGHTIADLLSKNIWGLLGHFLRIKI-----------HE---HILIHGD-----IRKTTKLNIG-GTEIEVETLVEDE,c1211001101,ChR_18_10,1.8540271313486525,1.591898695013733,2.560177881,1.7229498151901141
18,0.722079305,GFDELAKGAVVPEDHFVCGPAD-KCYCSAWLHSRGALWEQETARGFQWFAVFLSALFLAFYGWHAYKASV---------GW-EEVYVCSVELIKVILEIYFEF--TSPATVYLSGGNHAYWL---RYAEWLLTCPVILIHLSNITGLSEAYNKRTMALLVSDLGTICMGVTAALA-TGWVK---WLFYCIGLVYGTQTFYNAGIIYVESY-------YIMPAGG-CKKLVLAMTAVYYSSWLMFPILFILGPEGFGVLSVAGSTIGHTIADLLSKNIWGLLGHFLRIKI-----------HE---HIIMYGD-----IRRPVSSQFL-GRKVDVLAFVTEE,n1000002000,ChR_3_10,1.0162933150100033,0.7920406033089715,0.722079305,0.514564501322083
25,0.46156056799999995,RMLFQTSYTLENNGSVICIPNNGQCFCLAWLKSNGALWEQETARGFQWFAVFLSALFLAFYGWHAYKASV---------GW-EEVYVCSVELIKVILEIYFEF--TEPAVIYSSGGNKTVWL---RYAEWLLTCPVILIHLSNITGLANDYNKRTMGLLVSDLGTICMGVTAALA-TGWVK---WLFYCIGLVYGGYMYFQAAKCYVESY-------YIMPKGR-CRQVVTGMAWLFFVSWGMFPILFILGPEGFGVLSVAGSTIGHTIADLLSKNIWGLLGHYLRVLI-----------HE---HIIMYGD-----IRRPVSSQFL-GRKVDVLAFVTEE,n1001011002,ChR_6_10,0.7200896922230482,0.7920451908864,0.46156056799999995,0.5145680678732103
26,0.328829052,GFDELAKGAVVPEDHFVCGPAD-KCYCSAWLHSRGALWEQETARGFQWFAFSIAIALLTFYGFSAWKATC---------GW-EEVYVCCVEVLFVTLEIFKEF--SSPATVYLSTGNHAYCL---RYFEWLLSCPVILIRLSNLSGLKNDYSKRTMGLIVSCVGMIVFGMAAGLA-TDWLK---WLLYIVSCIYGGYMYFQAAKCYVEAN-------HSVPKGH-CRMVVKLMAYAYFASWGSYPILWAVGPEGLLKLSPYANSIGHSICDIIAKEFWTFLAHHLRIKI-----------HE---HIIMYGD-----IRRPVSSQFL-GRKVDVLAFVTEE,c2022222220,ChR_24_10,0.4956640914844404,0.5025719419032177,0.328829052,0.3322789409438835
29,1.608608124,RMLFQTSYTLENNGSVICIPNNGQCFCLAWLKSNGTNAEKLAANILQWITFALSALCLMFYGYQTWKSTC---------GW-EEIYVATIEMIKFIIEYFHEF--DEPAVIYSSGGNKTVWL---RYAEWLLTCPVILIHLSNLTGLANDYNKRTMGLLVSDIGTIVWGTTAALA-TGWVK---WLFYCIGLVYGGYMYFQAAKCYVEAY-------HTVPKGR-CRQVVTGMAWLFFVSWGMFPILFILGPEGFGVLSVYGSTVGHTIIDLMSKNCWGLLGHYLRVLI-----------HE---HILIHGD-----IRKTTKLNIG-GTEIEVETLVEDE,n1111111102,ChR_15_10,1.5464486701956925,1.2502122967125184,1.608608124,1.0281880903097105
39,0.025428131,RMLFQTSYTLENNGSVICIPNNGQCFCLAWLKSNGTPGEKIGAQVCQWITFALSALCLMFYGYQTWKSTC---------GW-EEIYVATIEMIKFIIEYFHEF--DSPAMLFLYGGNITPWL---RYAEWLLTCPVILIHLSNITGLSEAYNKRTMALLVSCVGMIVFGMAAGLA-TDWLK---WLLYIVSCIYGGYMYFQAAKCYVEAY-------HTVPKGR-CRQVVTGMAWLFFVSWGMFPILFILGPEGFGVLSVAGSTIGHTIADLLSKNIWGLLGHFLRIKI-----------HE---HILIHGD-----IRKTTKLNIG-GTEIEVETLVEDE,c1210021101,ChR_29_10,-1.1985265707194839,0.22477449439701108,0.025428131000000003,0.21838558409936734
43,0.495936951,RMLFQTSYTLENNGSVICIPNNGQCFCLAWLKSNGTNAEKLAANILQWIAFSIAIALLTFYGFSAWKATC---------GW-EEVYVCCVEVLFVTLEIFKEF--SSPATVYLSTGNHAYCL---RYFEWLLSCPVILIRLSNLSGLKNDYSKRTMGLIVSCVGMIVFGMAAGLA-TDWLK---WLLYIVSCIYGGYMYFQAAKCYVEAY-------HTVPKGR-CRQVVTGMAWLFFVSWGSYPILWAVGPEGLLKLSPYANSIGHSICDIIAKEFWTFLAHHLRIKI-----------HE---HILIHGD-----IRKTTKMEIG-GEEVEVEEFVEEE,c1122221222,ChR_17_10,0.767635858036122,0.5567010491942301,0.495936951,0.3605952751529827
47,0.651422528,GFDELAKGAVVPEDHFVCGPAD-KCYCSAWLHSRGTNAEKLAANILQWIAFSIAIALLTFYGFSAWKATC---------GW-EEVYVCCVEVLFVTLEIFKEF--SSPATVYLSTGNHAYCL---RYFEWLLSCPVILIRLSNLSGLKNDYSKRTMGLIVSCVGMIVFGMAAGLA-TDWLK---WLLYIVSCIYGGYMYFQAAKCYVEAN-------HSVPKGH-CRMVVKLMAYAYFASWGSYPILWAVGPEGLLKLSPYANSIGHSICDIIAKEFWTFLAHHLRIKI-----------HE---HIIMYGD-----IRRPVSSQFL-GRKVDVLAFVTEE,c2122222220,ChR_27_10,0.9481356983150576,0.6461686492297853,0.651422528,0.4127859052848462
48,0.39974455299999995,GFDELAKGAVVPEDHFVCGPAD-KCYCSAWLHSRGALWEQETARGFQWFAVFLSALFLAFYGWHAYKASV---------GW-EEVYVCSVELIKVILEIYFEF--TSPATVYLSTGNHAYCL---RYFEWLLTCPVILIHLSNITGLSEAYNKRTMALLVSDLGTICMGVTAALA-TGWVK---WLFYCIGLVYGTQTFYNAGIIYVESY-------YIMPAGG-CKKLVLAMTAVYYSSWGMFPILFILGPEGFGVLSVAGSTIGHTIADLLSKNIWGLLGHFLRIKI-----------HE---HIIMYGD-----IRRPVSSQFL-GRKVDVLAFVTEE,c2002000100,ChR_22_10,0.6249202337397396,0.48651239738664853,0.3997445529999999,0.3243136504364137
58,2.398501892,RMLFQTSYTLENNGSVICIPNNGQCFCLAWLKSNGALWEQETARGFQWFTFALSALCLMFYGYQTWKSTC---------GW-EEIYVATIEMIKFIIEYFHEF--DSPAMLFLYGGNITPWL---RYAEWLLTCPVILIHLSNITGLSEAYNKRTMALLVSDLGTICMGVTAALA-TGWVK---WLFYCIGLVYGTQTFYNAGIIYVEAY-------HTVPKGR-CRQVVTGMAWLFFVSWGMFPILFILGPEGFGVLSVAGSTIGHTIADLLSKNIWGLLGHFLRIKI-----------HE---HILIHGD-----IRKTTKLNIG-GTEIEVETLVEDE,c1010001101,ChR_8_10,1.8108513998509168,1.5904384866863999,2.3985018919999996,1.7191528886631195
62,0.848262695,GFDELAKGAVVPEDHFVCGPAD-KCYCSAWLHSRGALWEQETARGFQWFAVFLSALFLAFYGWHAYKASV---------GW-EEVYVCSVELIKVILEIYFEF--TSPAMLFLYGGNITPWL---RYAEWLLTCPVILIHLSNITGLSEAYNKRTMALLVSDLGTICMGVTAALA-TGWVK---WLFYCIGLVYGTQTFYNAGIIYVESY-------YIMPAGG-CKKLVLAMTAVYYSSWGMFPILFILGPEGFGVLSVAGSTIGHTIADLLSKNIWGLLGHFLRIKI-----------HE---HIIMYGD-----IRRPVSSQFL-GRKVDVLAFVTEE,c2000000100,ChR_21_10,1.1228919295826962,0.8971262195355084,0.8482626950000001,0.60310444124939
65,0.314668112,RMLFQTSYTLENNGSVICIPNNGQCFCLAWLKSNGALWEQETARGFQWFAVFLSALFLAFYGWHAYKASV---------GW-EEVYVCSVELIKVILEIYFEF--TEPAVIYSSGGNKTVWL---RYAEWLLTCPVILIHLSNITGLKNDYSKRTMGLLVSDLGTICMGVTAALA-TGWVK---WLFYCIGLVYGGYMYFQAAKCYVESY-------YIMPKGR-CRQVVTGMAWLFFVSWGMFPILFILGPEGFGVLSVAGSTIGHTIADLLSKNIWGLLGHYLRVLI-----------HE---HIIMYGD-----IRRPVSSQFL-GRKVDVLAFVTEE,n1002011002,ChR_7_10,0.46652863400054606,0.769472089114322,0.314668112,0.4973147316740657
66,0.026046454,RMLFQTSYTLENNGSVICIPNNGQCFCLAWLKSNGTPGEKIGAQVCQWITFALSALCLMFYGYQTWKSTC---------GW-EEIYVATIEMIKFIIEYFHEF--DSPAMLFLYGGNITPWL---RYAEWLLTCPVILIHLSNITGLSEAYNKRTMALLVSDLGTICMGVTAALA-TGWVK---WLFYCIGLVYGTQTFYNAGIIYVEAY-------HTVPKGR-CRQVVTGMAWLFFVSWGMFPILFILGPEGFGVLSPYANSIGHSICDIIAKEFWTFLAHHLRIKI-----------HE---HILIHGD-----IRKTTKLNIG-GTEIEVETLVEDE,c1210001121,ChR_30_10,-1.182624645268124,0.38821565891862403,0.026046454000000007,0.27955489185130594
68,3.472616895,RMLFQTSYTLENNGSVICIPNNGQCFCLAWLKSNGTNAEKLAANILQWITFALSALCLMFYGYQTWKSTC---------GW-EEIYVATIEMIKFIIEYFHEF--DSPAMLFLYGGNITPWL---RYAEWLLTCPVILIHLSNITGLSEAYNKRTMALLVSDLGTICMGVTAALA-TGWVK---WLFYCIGLVYGTQTFYNAGIIYVEAY-------HTVPKGR-CRQVVTGMAWLFFVSWGMFPILFILGPEGFGVLSVAGSTIGHTIADLLSKNIWGLLGHFLRIKI-----------HE---HILIHGD-----IRKTTKLNIG-GTEIEVETLVEDE,c1110001101,ChR_11_10,2.0557877648553466,1.6211741955831158,3.472616895,1.800868344546532
69,0.768058679,RMLFQTSYTLENNGSVICIPNNGQCFCLAWLKSNGTNAEKLAANILQWITFALSALCLMFYGYQTWKSTC---------GW-EEIYVATIEMIKFIIEYFHEF--DEPAVIYSSGGNKTVWL---RYAEWLLTCPVILIHLSNLTGLANDYNKRTMGLLVSDLGTICMGVTAALA-TGWVK---WLFYCIGLVYGGYMYFQAAKCYVEAY-------HTVPKGR-CRQVVTGMAWLFFVSWGMFPILFILGPEGFGVLSVYGSTVGHTIIDLMSKNCWGLLGHYLRVLI-----------HE---HILIHGD-----IRKTTKLNIG-GTEIEVETLVEDE,n1111111002,ChR_13_10,1.0571516560673586,1.092035651931965,0.768058679,0.8096247818525535
72,0.239768735,GFDELAKGAVVPEDHFVCGPAD-KCYCSAWLHSRGALWEQETARGFQWFAFSIAIALLTFYGFSAWKATC---------GW-EEVYVCCVEVLFVTLEIFKEF--SSPATVYLSTGNHAYCL---RYFEWLLSCPVILIRLSNLSGLKNDYSKRTMGLIVSCVGMIVFGMAAGLA-TDWLK---WLLYIVSCIYGGYMYFQAAKCYVEAY-------HTVPKGR-CRQVVTGMAWLFFVSWGSYPILWAVGPEGLLKLSPYANSIGHSICDIIAKEFWTFLAHHLRIKI-----------HE---HILIHGD-----IRKTTKMEIG-GEEVEVEEFVEEE,c2022221222,ChR_23_10,0.28660201521046424,0.4638193314468686,0.23976873500000004,0.313382690974501
85,0.550266779,GFDELAKGAVVPEDHFVCGPAD-KCYCSAWLHSRGTPGEKIGAQVCQWIAFSIAIALLTFYGFSAWKATC---------GW-EEVYVCCVEVLFVTLEIFKEF--SSPATVYLSTGNHAYCL---RYFEWLLSCPVILIRLSNLTGLANDYNKRTMGLIVSCVGMIVFGMAAGLA-TDWLK---WLLYIVSCIYGGYMYFQAAKCYVEAY-------HTVPKGH-CRMVVKLMAYAYFASWGSYPILFILGPEGFGVLSPYANSIGHSICDIIAKEFWTFLAHHLRIKI-----------HE---HILIHGD-----IRKTTKLNIG-GTEIEVETLVEDE,n1221122222,ChR_19_10,0.8364407308619455,0.37330387457181274,0.550266779,0.2733270528543715
90,2.118434326,RMLFQTSYTLENNGSVICIPNNGQCFCLAWLKSNGALWEQETARGFQWFAVFLSALFLAFYGWHAYKASV---------GW-EEVYVCSVELIKVILEIYFEF--TSPAMLFLYGGNITPWL---RYAEWLLTCPVILIHLSNITGLSEAYNKRTMALLVSDLGTICMGVTAALA-TGWVK---WLFYCIGLVYGTQTFYNAGIIYVEAY-------HTVPKGR-CRQVVTGMAWLFFVSWGMFPILFILGPEGFGVLSVAGSTIGHTIADLLSKNIWGLLGHFLRIKI-----------HE---HIIMYGD-----IRRPVSSQFL-GRKVDVLAFVTEE,c1000001100,ChR_2_10,1.7286682826969604,1.2714685490914512,2.1184343260000005,1.0617444911732363
92,1.995635986,RMLFQTSYTLENNGSVICIPNNGQCFCLAWLKSNGALWEQETARGFQWFAFFLSALFLAFYGYQTWKSTC---------GW-EEIYVATIEMIKFIIEYFHEF--DEPAVIYSSGGNKTVWL---RYAEWLLTCPVILIHLSNLTGLANDYNKRTMALLVSDIGTIVWGTTAALA-TGWVK---WLFYCIGLVYGTQTFYNAGIIYVEAY-------HTVPKGR-CRQVVTGMAWLFFVSWGMFPILFILGPEGFGVLSVAGSTIGHTIADLLSKNIWGLLGHYLRVLI-----------HE---HILIHGD-----IRKTTKLNIG-GTEIEVETLVEDE,n1011111100,ChR_10_10,1.689144719898469,1.5405319459902684,1.9956359860000004,1.594292324787115
102,0.432389432,GFDELAKGAVVPEDHFVCGPAD-KCYCSAWLHSRGALWEQETARGFQWFAFSIAIALLTFYGFSAWKATC---------GW-EEVYVCCVEVLFVTLEIFKEF--SSPATVYLSTGNHAYCL---RYFEWLLSCPVILIRLSNLSGLKNDYSKRTMGLIVSCVGMIVFGMAAGLA-TDWLK---WLLYIVSCIYGGYMYFQAAKCYVEAN-------HSVPKGH-CRMVVKLMAYAYFASWGSYPILWAVGPEGLLKLSPYANSIGHSICDIIAKEFWTFLAHHLRIKI-----------HE---HILIHGD-----IRKTTKLNIG-GTEIEVETLVEDE,c2022222221,ChR_25_10,0.6768780660644264,0.5497891323449837,0.432389432,0.356849199210342
105,1.4156897480000001,GFDELAKGAVVPEDHFVCGPAD-KCYCSAWLHSRGALWEQETARGFQWFAVFLSALFLAFYGWHAYKASV---------GW-EEVYVCSVELIKVILEIYFEF--TSPATVYLSGGNHAYWL---RYAEWLLTCPVILIHLSNITGLANDYNKRTMALLVSDLGTICMGVTAALA-TGWVK---WLFYCIGLVYGTQTFYNAGIIYVESY-------YIMPAGG-CKKLVLAMTAVYYSSWLMFPILFILGPEGFGVLSVAGSTIGHTIADLLSKNIWGLLGHFLRIKI-----------HE---HIIMYGD-----IRRPVSSQFL-GRKVDVLAFVTEE,n1001002000,ChR_5_10,1.4618924788829433,0.7848532618004146,1.4156897480000001,0.509007046474673
114,0.460355225,RMLFQTSYTLENNGSVICIPNNGQCFCLAWLKSNGALWEQETARGFQWFAVFLSALFLAFYGWHAYKASV---------GW-EEVYVCSVELIKVILEIYFEF--TSPAMLFLYGGNITPWL---RYAEWLLTCPVILIHLSNITGLSEAYNKRTMALLVSDLGTICMGVTAALA-TGWVK---WLFYCIGLVYGTQTFYNAGIIYVESY-------YIMPAGG-CKKLVLAMTAVYYSSWGMFPILFILGPEGFGVLSVAGSTIGHTIADLLSKNIWGLLGHFLRIKI-----------HE---HIIMYGD-----IRRPVSSQFL-GRKVDVLAFVTEE,c1000000100,ChR_1_10,0.7183589757850141,0.21698162110703123,0.460355225,0.2158294058559309
116,2.626104167,RMLFQTSYTLENNGSVICIPNNGQCFCLAWLKSNGTNAEKLAANILQWITFALSALCLMFYGYQTWKSTC---------GW-EEIYVATIEMIKFIIEYFHEF--DEPAVIYSSGGNKTVWL---RYAEWLLTCPVILIHLSNLTGLKNDYSKRTMALLVSDIGTIVWGTTAALA-TGWVK---WLFYCIGLVYGTQTFYNAGIIYVEAY-------HTVPKGR-CRQVVTGMAWLFFVSWGMFPILFILGPEGFGVLSVYGSTVGHTIIDLMSKNCWGLLGHYLRVLI-----------HE---HILIHGD-----IRKTTKLNIG-GTEIEVETLVEDE,n1112111100,ChR_16_10,1.8708551175846686,1.5139553451689258,2.6261041670000003,1.5315441544083632
118,1.221857893,GFDELAKGAVVPEDHFVCGPAD-KCYCSAWLHSRGTNAEKLAANILQWIAFSIAIALLTFYGFSAWKATC---------GW-EEVYVCCVEVLFVTLEIFKEF--SSPATVYLSTGNHAYCL---RYFEWLLSCPVILIRLSNLSGLKNDYSKRTMGLIVSCVGMIVFGMAAGLA-TDWLK---WLLYIVSCIYGGYMYFQAAKCYVEAN-------HSVPKGH-CRMVVKLMAYAYFASWGSYPILWAVGPEGLLKLSPYANSIGHSICDIIAKEFWTFLAHHLRIKI-----------HE---HILIHGD-----IRKTTKLNIG-GTEIEVETLVEDE,c2122222221,ChR_28_10,1.364435087736774,0.7020309669468048,1.2218578929999997,0.44913751614959785
123,3.323136548,RMLFQTSYTLENNGSVICIPNNGQCFCLAWLKSNGTNAEKLAANILQWITFALSALCLMFYGYQTWKSTC---------GW-EEIYVATIEMIKFIIEYFHEF--DEPAVIYSSNGNKTVWL---RYAEWLLTCPVILIHLSNITGLSEAYNKRTMALLVSDLGTICMGVTAALA-TGWVK---WLFYCIGLVYGTQTFYNAGIIYVEAY-------HTVPKGR-CRQVVTGMAWLFFVSWGMFPILFILGPEGFGVLSVAGSTIGHTIADLLSKNIWGLLGHFLRIKI-----------HE---HILIHGD-----IRKTTKLNIG-GTEIEVETLVEDE,c1111001101,ChR_12_10,2.026665656354925,1.562394413315352,3.3231365479999995,1.647832920813349
126,2.564170288,RMLFQTSYTLENNGSVICIPNNGQCFCLAWLKSNGALWEQETARGFQWFAFFLSALFLAFYGYQTWKSTC---------GW-EEIYVATIEMIKFIIEYFHEF--DEPAVIYSSGGNKTVWL---RYAEWLLTCPVILIHLSNLTGLANDYNKRTMALLVSDLGTICMGVTAALA-TGWVK---WLFYCIGLVYGTQTFYNAGIIYVEAY-------HTVPKGR-CRQVVTGMAWLFFVSWGMFPILFILGPEGFGVLSVAGSTIGHTIADLLSKNIWGLLGHYLRVLI-----------HE---HILIHGD-----IRKTTKLNIG-GTEIEVETLVEDE,n1011111000,ChR_9_10,1.8550584729641348,1.549737669285558,2.5641702879999997,1.616621531501687
130,0.33240812399999997,GFDELAKGAVVPEDHFVCGPAD-KCYCSAWLHSRGTNAEKLAANILQWIAFSIAIALLTFYGFSAWKATC---------GW-EEVYVCCVEVLFVTLEIFKEF--SSPATVYLSTGNHAYCL---RYFEWLLSCPVILIRLSNLSGLKNDYSKRTMGLIVSCVGMIVFGMAAGLA-TDWLK---WLLYIVSCIYGGYMYFQAAKCYVEAY-------HTVPKGR-CRQVVTGMAWLFFVSWGSYPILWAVGPEGLLKLSPYANSIGHSICDIIAKEFWTFLAHHLRIKI-----------HE---HILIHGD-----IRKTTKMEIG-GEEVEVEEFVEEE,c2122221222,ChR_26_10,0.5028292151388327,0.5841384620131601,0.332408124,0.37585756285107574
